{
	"credit": "Made with Blockbench",
	"textures": {
		"0": "dove:block/slm/slime_warrior"
	},
	"elements": [
		{
			"from": [4.53143, 8.03571, 6.43738],
			"to": [11.38857, 13.17857, 13.29453],
			"rotation": {"angle": 0, "axis": "y", "origin": [7.96, 10.60714, 9.86596]},
			"faces": {
				"north": {"uv": [1.875, 3.25, 3.375, 4.375], "texture": "#0", "tintindex": 0},
				"east": {"uv": [3.5, 0, 5, 1.125], "texture": "#0", "tintindex": 0},
				"south": {"uv": [3.5, 1.25, 5, 2.375], "texture": "#0", "tintindex": 0},
				"west": {"uv": [3.5, 2.5, 5, 3.625], "texture": "#0", "tintindex": 0},
				"up": {"uv": [3.375, 1.5, 1.875, 0], "texture": "#0", "tintindex": 0},
				"down": {"uv": [3.375, 1.625, 1.875, 3.125], "texture": "#0", "tintindex": 0}
			}
		},
		{
			"from": [5.96, 9.03571, 7.86596],
			"to": [9.96, 11.89286, 11.86596],
			"rotation": {"angle": 0, "axis": "y", "origin": [7.96, 10.46429, 9.86596]},
			"faces": {
				"north": {"uv": [5.125, 0, 6, 0.625], "texture": "#0", "tintindex": 0},
				"east": {"uv": [5.125, 0.75, 6, 1.375], "texture": "#0", "tintindex": 0},
				"south": {"uv": [5.125, 1.5, 6, 2.125], "texture": "#0", "tintindex": 0},
				"west": {"uv": [5.125, 2.25, 6, 2.875], "texture": "#0", "tintindex": 0},
				"up": {"uv": [3.125, 5.375, 2.25, 4.5], "texture": "#0", "tintindex": 0},
				"down": {"uv": [4.125, 4.625, 3.25, 5.5], "texture": "#0", "tintindex": 0}
			}
		},
		{
			"from": [5.10285, 9.17857, 6.40881],
			"to": [7.10285, 11.46429, 6.40881],
			"rotation": {"angle": 0, "axis": "y", "origin": [6.10285, 10.32143, 6.40881]},
			"faces": {
				"north": {"uv": [1.875, 5.5, 2.375, 6], "texture": "#0", "tintindex": 0},
				"east": {"uv": [3.5, 7.125, 3.5, 7.625], "texture": "#0", "tintindex": 0},
				"south": {"uv": [2.5, 5.5, 3, 6], "texture": "#0", "tintindex": 0},
				"west": {"uv": [3.625, 7.125, 3.625, 7.625], "texture": "#0", "tintindex": 0},
				"up": {"uv": [7.625, 3, 7.125, 3], "texture": "#0", "tintindex": 0},
				"down": {"uv": [7.625, 3.125, 7.125, 3.125], "texture": "#0", "tintindex": 0}
			}
		},
		{
			"from": [8.81714, 9.17857, 6.40881],
			"to": [10.81714, 11.46429, 6.40881],
			"rotation": {"angle": 0, "axis": "y", "origin": [9.81714, 10.32143, 6.40881]},
			"faces": {
				"north": {"uv": [4.25, 5.5, 4.75, 6], "texture": "#0", "tintindex": 0},
				"east": {"uv": [3.75, 7.125, 3.75, 7.625], "texture": "#0", "tintindex": 0},
				"south": {"uv": [4.875, 5.5, 5.375, 6], "texture": "#0", "tintindex": 0},
				"west": {"uv": [7.125, 3.75, 7.125, 4.25], "texture": "#0", "tintindex": 0},
				"up": {"uv": [7.625, 3.25, 7.125, 3.25], "texture": "#0", "tintindex": 0},
				"down": {"uv": [7.625, 3.375, 7.125, 3.375], "texture": "#0", "tintindex": 0}
			}
		},
		{
			"from": [1.94004, 9.92757, 10.86596],
			"to": [5.36861, 10.499, 11.43738],
			"rotation": {"angle": -22.5, "axis": "z", "origin": [3.65433, 10.21329, 11.15167]},
			"faces": {
				"north": {"uv": [0, 4.25, 0.75, 4.375], "texture": "#0", "tintindex": 0},
				"east": {"uv": [7, 1.25, 7.125, 1.375], "texture": "#0", "tintindex": 0},
				"south": {"uv": [0.875, 4.25, 1.625, 4.375], "texture": "#0", "tintindex": 0},
				"west": {"uv": [7, 1.5, 7.125, 1.625], "texture": "#0", "tintindex": 0},
				"up": {"uv": [5.875, 7, 5.125, 6.875], "texture": "#0", "tintindex": 0},
				"down": {"uv": [7.625, 6.625, 6.875, 6.75], "texture": "#0", "tintindex": 0}
			}
		},
		{
			"from": [4.64494, 8.59078, 11.15167],
			"to": [6.35923, 10.30506, 11.15167],
			"rotation": {"angle": -22.5, "axis": "z", "origin": [5.50209, 9.44792, 11.15167]},
			"faces": {
				"north": {"uv": [6.125, 2.375, 6.5, 2.75], "texture": "#0", "tintindex": 0},
				"east": {"uv": [4.125, 5.625, 4.125, 6], "texture": "#0", "tintindex": 0},
				"south": {"uv": [6.5, 2.375, 6.125, 2.75], "texture": "#0", "tintindex": 0},
				"west": {"uv": [7, 3, 7, 3.375], "texture": "#0", "tintindex": 0},
				"up": {"uv": [6.5, 2.875, 6.125, 2.875], "texture": "#0", "tintindex": 0},
				"down": {"uv": [7.375, 1.75, 7, 1.75], "texture": "#0", "tintindex": 0}
			}
		},
		{
			"from": [1.10285, 10.89286, 11.15167],
			"to": [3.96, 12.60714, 11.15167],
			"rotation": {"angle": -22.5, "axis": "z", "origin": [2.81714, 11.17857, 10.15167]},
			"faces": {
				"north": {"uv": [5.5, 5.5, 6.125, 5.875], "texture": "#0", "tintindex": 0},
				"east": {"uv": [7.125, 1.875, 7.125, 2.25], "texture": "#0", "tintindex": 0},
				"south": {"uv": [3.125, 5.625, 3.75, 6], "texture": "#0", "tintindex": 0},
				"west": {"uv": [7.125, 2.375, 7.125, 2.75], "texture": "#0", "tintindex": 0},
				"up": {"uv": [7.625, 3.5, 7, 3.5], "texture": "#0", "tintindex": 0},
				"down": {"uv": [7.625, 3.625, 7, 3.625], "texture": "#0", "tintindex": 0}
			}
		},
		{
			"from": [1.10285, 8.60714, 11.15167],
			"to": [3.96, 10.32143, 11.15167],
			"rotation": {"angle": -22.5, "axis": "z", "origin": [2.81714, 11.17857, 10.15167]},
			"faces": {
				"north": {"uv": [0, 5.75, 0.625, 6.125], "texture": "#0", "tintindex": 0},
				"east": {"uv": [2.5, 7.125, 2.5, 7.5], "texture": "#0", "tintindex": 0},
				"south": {"uv": [0.75, 5.75, 1.375, 6.125], "texture": "#0", "tintindex": 0},
				"west": {"uv": [2.625, 7.125, 2.625, 7.5], "texture": "#0", "tintindex": 0},
				"up": {"uv": [3.375, 7.125, 2.75, 7.125], "texture": "#0", "tintindex": 0},
				"down": {"uv": [7.75, 2.875, 7.125, 2.875], "texture": "#0", "tintindex": 0}
			}
		},
		{
			"from": [8.81714, 12.21687, 11.27218],
			"to": [9.96, 15.07402, 12.41503],
			"rotation": {"angle": 22.5, "axis": "x", "origin": [9.38857, 13.64544, 11.8436]},
			"faces": {
				"north": {"uv": [6.125, 0.875, 6.375, 1.5], "texture": "#0", "tintindex": 0},
				"east": {"uv": [6.125, 1.625, 6.375, 2.25], "texture": "#0", "tintindex": 0},
				"south": {"uv": [1.75, 6.125, 2, 6.75], "texture": "#0", "tintindex": 0},
				"west": {"uv": [2.125, 6.125, 2.375, 6.75], "texture": "#0", "tintindex": 0},
				"up": {"uv": [3.75, 7, 3.5, 6.75], "texture": "#0", "tintindex": 0},
				"down": {"uv": [2, 6.875, 1.75, 7.125], "texture": "#0", "tintindex": 0}
			}
		},
		{
			"from": [8.03347, 14.65619, 11.44688],
			"to": [9.74776, 16.37048, 13.16117],
			"rotation": {"angle": 22.5, "axis": "z", "origin": [9.37211, 14.44666, 12.07381]},
			"faces": {
				"north": {"uv": [3, 6.125, 3.375, 6.5], "texture": "#0", "tintindex": 0},
				"east": {"uv": [6.125, 3.75, 6.5, 4.125], "texture": "#0", "tintindex": 0},
				"south": {"uv": [4.125, 6.125, 4.5, 6.5], "texture": "#0", "tintindex": 0},
				"west": {"uv": [6.125, 4.25, 6.5, 4.625], "texture": "#0", "tintindex": 0},
				"up": {"uv": [5, 6.5, 4.625, 6.125], "texture": "#0", "tintindex": 0},
				"down": {"uv": [6.5, 4.75, 6.125, 5.125], "texture": "#0", "tintindex": 0}
			}
		},
		{
			"from": [9.00215, 14.64245, 11.43259],
			"to": [10.71643, 16.35674, 13.14688],
			"rotation": {"angle": -22.5, "axis": "z", "origin": [9.37211, 14.44666, 12.07381]},
			"faces": {
				"north": {"uv": [0, 6.25, 0.375, 6.625], "texture": "#0", "tintindex": 0},
				"east": {"uv": [0.5, 6.25, 0.875, 6.625], "texture": "#0", "tintindex": 0},
				"south": {"uv": [1, 6.25, 1.375, 6.625], "texture": "#0", "tintindex": 0},
				"west": {"uv": [6.25, 5.25, 6.625, 5.625], "texture": "#0", "tintindex": 0},
				"up": {"uv": [6.625, 6.125, 6.25, 5.75], "texture": "#0", "tintindex": 0},
				"down": {"uv": [6.625, 6.25, 6.25, 6.625], "texture": "#0", "tintindex": 0}
			}
		},
		{
			"from": [7.66192, 10.94729, 10.28974],
			"to": [9.37621, 12.66158, 12.00402],
			"rotation": {"angle": -22.5, "axis": "z", "origin": [8.51907, 11.80444, 11.14688]},
			"faces": {
				"north": {"uv": [6.625, 2.5, 7, 2.875], "texture": "#0", "tintindex": 0},
				"east": {"uv": [3, 6.625, 3.375, 7], "texture": "#0", "tintindex": 0},
				"south": {"uv": [6.625, 3.75, 7, 4.125], "texture": "#0", "tintindex": 0},
				"west": {"uv": [4.125, 6.625, 4.5, 7], "texture": "#0", "tintindex": 0},
				"up": {"uv": [7, 4.625, 6.625, 4.25], "texture": "#0", "tintindex": 0},